repo,buggy_fix,fix0_file,fix1_file
cyclonedds,1ae6bb9985c05f8742cb31c0bd46f3c7bd8777bd,oss-fuzz-vulns/vulns/cyclonedds/OSV-2023-158.yaml,oss-fuzz-vulns/vulns/cyclonedds/OSV-2023-273.yaml
dnsmasq,d242cbffa4f20c9f7472f79b3a9e47008b6fe77c,oss-fuzz-vulns/vulns/dnsmasq/OSV-2021-927.yaml,oss-fuzz-vulns/vulns/dnsmasq/OSV-2022-11.yaml
dnsmasq,03345ecefeb0d82e3c3a4c28f27c3554f0611b39,oss-fuzz-vulns/vulns/dnsmasq/OSV-2021-1807.yaml,oss-fuzz-vulns/vulns/dnsmasq/OSV-2022-312.yaml
dnsmasq,e426c2d3bc182d790f83039b77a09d55230ca71f,oss-fuzz-vulns/vulns/dnsmasq/OSV-2022-11.yaml,oss-fuzz-vulns/vulns/dnsmasq/OSV-2022-145.yaml
lcms,1394d740d96886b501e0ad04fe926a72eca3f01c,oss-fuzz-vulns/vulns/lcms/OSV-2022-615.yaml,oss-fuzz-vulns/vulns/lcms/OSV-2022-639.yaml
json,93c9e0c703b98f5082413920a62067ae0b68671e,oss-fuzz-vulns/vulns/json/OSV-2022-409.yaml,oss-fuzz-vulns/vulns/json/OSV-2022-425.yaml
libavc,a88e0683a420d7ee9aa4b6f41f94cb8dc0c5e040,oss-fuzz-vulns/vulns/libavc/OSV-2021-631.yaml,oss-fuzz-vulns/vulns/libavc/OSV-2021-1237.yaml
libavc,fa13b3087684ffefd82d61c34e61714881674cd3,oss-fuzz-vulns/vulns/libavc/OSV-2021-631.yaml,oss-fuzz-vulns/vulns/libavc/OSV-2021-1237.yaml
libavc,5fabd43f6af6c5f432c543b8a84e690dfa31a3b2,oss-fuzz-vulns/vulns/libavc/OSV-2023-97.yaml,oss-fuzz-vulns/vulns/libavc/OSV-2023-117.yaml
libavc,f8ae418b38e8ac52cf87425d27cb20925607debc,oss-fuzz-vulns/vulns/libavc/OSV-2023-333.yaml,oss-fuzz-vulns/vulns/libavc/OSV-2023-1180.yaml
libavc,28727baf58aa7c8983769aff1ceecb3121a26ee6,oss-fuzz-vulns/vulns/libavc/OSV-2023-1294.yaml,oss-fuzz-vulns/vulns/libavc/OSV-2024-638.yaml
libavc,992407f6c3e77c9ff84684c77072b913eaa3152b,oss-fuzz-vulns/vulns/libavc/OSV-2023-75.yaml,oss-fuzz-vulns/vulns/libavc/OSV-2023-342.yaml
libavc,37beb9729249a1cde472545e2a19d80660e40edc,oss-fuzz-vulns/vulns/libavc/OSV-2023-1180.yaml,oss-fuzz-vulns/vulns/libavc/OSV-2023-1378.yaml
simdutf,72af817153515c8715417794e7b0d7b91eb1be12,oss-fuzz-vulns/vulns/simdutf/OSV-2023-272.yaml,oss-fuzz-vulns/vulns/simdutf/OSV-2023-278.yaml
draco,25484b31235d1a35fa72be6ce8d1f7f286b5c0bf,oss-fuzz-vulns/vulns/draco/OSV-2020-1018.yaml,oss-fuzz-vulns/vulns/draco/OSV-2020-824.yaml
jq,6ce6e7c71355a0b6006e9e3371364f6945da5a29,oss-fuzz-vulns/vulns/jq/OSV-2024-330.yaml,oss-fuzz-vulns/vulns/jq/OSV-2024-852.yaml
oniguruma,8b8b37ef8864a976641d4382293de7fe3d5edd62,oss-fuzz-vulns/vulns/oniguruma/OSV-2020-1235.yaml,oss-fuzz-vulns/vulns/oniguruma/OSV-2020-53.yaml
hunspell,f3f90ae7301595761d3445097ce111ffd5220e2d,oss-fuzz-vulns/vulns/hunspell/OSV-2022-1049.yaml,oss-fuzz-vulns/vulns/hunspell/OSV-2022-1054.yaml
serenity,51b880b0383089822f513330cd64f93b54b9f21c,oss-fuzz-vulns/vulns/serenity/OSV-2021-16.yaml,oss-fuzz-vulns/vulns/serenity/OSV-2021-804.yaml
mruby,264239f78fb9ec8047cf04b82f547fc41d65ab28,oss-fuzz-vulns/vulns/mruby/OSV-2020-447.yaml,oss-fuzz-vulns/vulns/mruby/OSV-2020-562.yaml
mruby,8d1192f8a28034b1931a41e8c55cd86715101d0c,oss-fuzz-vulns/vulns/mruby/OSV-2023-176.yaml,oss-fuzz-vulns/vulns/mruby/OSV-2023-384.yaml
mruby,2de602b8696bc21e4cbc2c6e08e2fae27b1ad79b,oss-fuzz-vulns/vulns/mruby/OSV-2023-252.yaml,oss-fuzz-vulns/vulns/mruby/OSV-2023-280.yaml
mruby,abcad36bae43f2c7cb8c2b1753dc94ab4cf25366,oss-fuzz-vulns/vulns/mruby/OSV-2024-96.yaml,oss-fuzz-vulns/vulns/mruby/OSV-2024-104.yaml
libheif,8bec5d258e1e6a1a9a6b04fd15716925cceadd17,oss-fuzz-vulns/vulns/libheif/OSV-2021-594.yaml,oss-fuzz-vulns/vulns/libheif/OSV-2023-1129.yaml
lwan,5a47a0c2d988d3b3b1c8d3938b7a994f464469b5,oss-fuzz-vulns/vulns/lwan/OSV-2020-1165.yaml,oss-fuzz-vulns/vulns/lwan/OSV-2020-504.yaml
icu,a7e378d58788962bd520052cf92ae5cc63be5d8f,oss-fuzz-vulns/vulns/icu/OSV-2020-418.yaml,oss-fuzz-vulns/vulns/icu/OSV-2020-845.yaml
mupdf,43a0278d42ac1b350ce6b582f9d0e3d7785a17b6,oss-fuzz-vulns/vulns/mupdf/OSV-2018-300.yaml,oss-fuzz-vulns/vulns/mupdf/OSV-2018-358.yaml
mupdf,ce3e98c07e29dab2743e792e478395ed30d27dc1,oss-fuzz-vulns/vulns/mupdf/OSV-2018-358.yaml,oss-fuzz-vulns/vulns/mupdf/OSV-2018-362.yaml
opensc,7a1e42e1352201127d1a97b6cb5f41e48cace0f5,oss-fuzz-vulns/vulns/opensc/OSV-2020-525.yaml,oss-fuzz-vulns/vulns/opensc/OSV-2020-366.yaml
opensc,b02da8348be97d4b24081783f6af46757373bc3e,oss-fuzz-vulns/vulns/opensc/OSV-2020-209.yaml,oss-fuzz-vulns/vulns/opensc/OSV-2020-2178.yaml
opensc,732ed77ad67e5303c46c0fa767929afd87076c87,oss-fuzz-vulns/vulns/opensc/OSV-2020-1860.yaml,oss-fuzz-vulns/vulns/opensc/OSV-2020-1981.yaml
opensc,972d3292eee44e9b4c61769365a3ec651ec18f39,oss-fuzz-vulns/vulns/opensc/OSV-2022-437.yaml,oss-fuzz-vulns/vulns/opensc/OSV-2022-604.yaml
opensc,74a8f296e0f195916d28e1c928f457e04aa22892,oss-fuzz-vulns/vulns/opensc/OSV-2022-421.yaml,oss-fuzz-vulns/vulns/opensc/OSV-2022-437.yaml
espeak-ng,26a675543c63832e37ec780a6c30e49707df1db4,oss-fuzz-vulns/vulns/espeak-ng/OSV-2021-808.yaml,oss-fuzz-vulns/vulns/espeak-ng/OSV-2023-467.yaml
espeak-ng,7f1222c6ad6a3652be35afbbc980a382076ff0a9,oss-fuzz-vulns/vulns/espeak-ng/OSV-2021-808.yaml,oss-fuzz-vulns/vulns/espeak-ng/OSV-2023-467.yaml
espeak-ng,7b9c99cec7b0c517049d39cbbee610c3a8407fa4,oss-fuzz-vulns/vulns/espeak-ng/OSV-2021-1631.yaml,oss-fuzz-vulns/vulns/espeak-ng/OSV-2022-519.yaml
espeak-ng,be962b067b889852da6194342b26e1759e1d7952,oss-fuzz-vulns/vulns/espeak-ng/OSV-2021-1354.yaml,oss-fuzz-vulns/vulns/espeak-ng/OSV-2021-1776.yaml
net-snmp,90aa2c37dc6a8bc280951ec6b6efe9714b0ef4de,oss-fuzz-vulns/vulns/net-snmp/OSV-2022-702.yaml,oss-fuzz-vulns/vulns/net-snmp/OSV-2022-705.yaml
md4c,62b60979f6a281b2b3cf883abc84299431fe2f76,oss-fuzz-vulns/vulns/md4c/OSV-2022-40.yaml,oss-fuzz-vulns/vulns/md4c/OSV-2022-126.yaml
libarchive,c9267d665c30fa78023bd70b8e9c6f02450777e2,oss-fuzz-vulns/vulns/libarchive/OSV-2020-273.yaml,oss-fuzz-vulns/vulns/libarchive/OSV-2020-32.yaml
libarchive,fa4b613f2e2510bd036f2eeed2fece97cd18b079,oss-fuzz-vulns/vulns/libarchive/OSV-2022-676.yaml,oss-fuzz-vulns/vulns/libarchive/OSV-2022-1193.yaml
libarchive,47bb8187d3ef2d49ee8c7841cb2872b3cfa1f6f7,oss-fuzz-vulns/vulns/libarchive/OSV-2020-487.yaml,oss-fuzz-vulns/vulns/libarchive/OSV-2020-273.yaml
libarchive,b52dd6c9e4ef7cf95c2a6ae5ab7ccac7f6d462a1,oss-fuzz-vulns/vulns/libarchive/OSV-2018-160.yaml,oss-fuzz-vulns/vulns/libarchive/OSV-2020-543.yaml
libarchive,4bd12b6f40cb4413c8970c52f15f3b6885b5e32f,oss-fuzz-vulns/vulns/libarchive/OSV-2018-130.yaml,oss-fuzz-vulns/vulns/libarchive/OSV-2020-487.yaml
openh264,f1bb6d3acb057785b4d89e8228e23cc4fc9caa12,oss-fuzz-vulns/vulns/openh264/OSV-2020-1898.yaml,oss-fuzz-vulns/vulns/openh264/OSV-2020-2093.yaml
openh264,8159a25f20df4baec6b420201da846a26f7e6bca,oss-fuzz-vulns/vulns/openh264/OSV-2020-1296.yaml,oss-fuzz-vulns/vulns/openh264/OSV-2020-414.yaml
openh264,4c76c67e9b790fd40650c4e8a2a059603e8ce195,oss-fuzz-vulns/vulns/openh264/OSV-2020-1857.yaml,oss-fuzz-vulns/vulns/openh264/OSV-2020-2084.yaml
openh264,519b0ff554e9713198bc3b3185da809be42be20c,oss-fuzz-vulns/vulns/openh264/OSV-2020-1049.yaml,oss-fuzz-vulns/vulns/openh264/OSV-2020-2091.yaml
libxml2,f3fa34dcad6fbfaadb5c68d67315149e6c652a93,oss-fuzz-vulns/vulns/libxml2/OSV-2023-1365.yaml,oss-fuzz-vulns/vulns/libxml2/OSV-2024-82.yaml
libxml2,3e85d7b7ab511b67d54ccf5dfd2f5953050eec83,oss-fuzz-vulns/vulns/libxml2/OSV-2023-206.yaml,oss-fuzz-vulns/vulns/libxml2/OSV-2023-212.yaml
libxml2,8e13133dbd2c10e8a498235a62f9beceb19b87a1,oss-fuzz-vulns/vulns/libxml2/OSV-2023-1301.yaml,oss-fuzz-vulns/vulns/libxml2/OSV-2023-1303.yaml
libxml2,ca2bfecea9c23f8d2e11741fff7c6a5372c56bb8,oss-fuzz-vulns/vulns/libxml2/OSV-2023-185.yaml,oss-fuzz-vulns/vulns/libxml2/OSV-2023-211.yaml
libxml2,36374bc9fcf6e670dc9521ac032474066521858b,oss-fuzz-vulns/vulns/libxml2/OSV-2023-990.yaml,oss-fuzz-vulns/vulns/libxml2/OSV-2023-1000.yaml
libxml2,7fbd454d9f70f0f0c0a0c27a7d541fed4d038c2a,oss-fuzz-vulns/vulns/libxml2/OSV-2023-211.yaml,oss-fuzz-vulns/vulns/libxml2/OSV-2023-249.yaml
kamailio,63ecb827631189d27da6a85d41149985d95fc479,oss-fuzz-vulns/vulns/kamailio/OSV-2021-1300.yaml,oss-fuzz-vulns/vulns/kamailio/OSV-2023-813.yaml
perfetto,45123b7d05fe7aee73321f5d3f731b32465acb25,oss-fuzz-vulns/vulns/perfetto/OSV-2021-791.yaml,oss-fuzz-vulns/vulns/perfetto/OSV-2021-801.yaml
libplist,7bc4d2f14e5a0bb80fd7342f954554947b9fee01,oss-fuzz-vulns/vulns/libplist/OSV-2022-116.yaml,oss-fuzz-vulns/vulns/libplist/OSV-2022-158.yaml
curl,84ced9389e1a7f576812e0675b37056331c4dbcd,oss-fuzz-vulns/vulns/curl/OSV-2020-600.yaml,oss-fuzz-vulns/vulns/curl/OSV-2020-389.yaml
uwebsockets,4aa7424b106eb26ed9f0c497d62c3aa40d5fe3c3,oss-fuzz-vulns/vulns/uwebsockets/OSV-2020-1598.yaml,oss-fuzz-vulns/vulns/uwebsockets/OSV-2020-1599.yaml
uwebsockets,1ef15da77b591594b19a5a81f5c80fb3b34d089f,oss-fuzz-vulns/vulns/uwebsockets/OSV-2021-401.yaml,oss-fuzz-vulns/vulns/uwebsockets/OSV-2021-414.yaml
libhevc,67e394c9f3743b8ce41f11736136319efcef6d3d,oss-fuzz-vulns/vulns/libhevc/OSV-2020-942.yaml,oss-fuzz-vulns/vulns/libhevc/OSV-2020-631.yaml
libhevc,4d36db275bb4d0abc410415f6d8f5af4bc179102,oss-fuzz-vulns/vulns/libhevc/OSV-2020-364.yaml,oss-fuzz-vulns/vulns/libhevc/OSV-2020-792.yaml
ndpi,812505b56bb4508bc42e1615d6425ad26444d3f8,oss-fuzz-vulns/vulns/ndpi/OSV-2020-236.yaml,oss-fuzz-vulns/vulns/ndpi/OSV-2020-177.yaml
ndpi,346e274a1b1d713aedfc341f7d1300009f9f0e1a,oss-fuzz-vulns/vulns/ndpi/OSV-2022-670.yaml,oss-fuzz-vulns/vulns/ndpi/OSV-2022-691.yaml
ndpi,30c3613f2fae705a284284794b5367ad7c7374ae,oss-fuzz-vulns/vulns/ndpi/OSV-2025-147.yaml,oss-fuzz-vulns/vulns/ndpi/OSV-2025-154.yaml
ndpi,ed51987e3a4838dd9aef27dfab2c0651f2f52836,oss-fuzz-vulns/vulns/ndpi/OSV-2021-784.yaml,oss-fuzz-vulns/vulns/ndpi/OSV-2021-1805.yaml
ndpi,374a24a1fb373617be23d7cbb397b47d23a5ffda,oss-fuzz-vulns/vulns/ndpi/OSV-2020-142.yaml,oss-fuzz-vulns/vulns/ndpi/OSV-2020-245.yaml
spirv-tools,286e9c1187053b4363fe963636f242263e1e5cd9,oss-fuzz-vulns/vulns/spirv-tools/OSV-2022-490.yaml,oss-fuzz-vulns/vulns/spirv-tools/OSV-2022-525.yaml
arrow,35cc9d1409ed4bab07a40af704a13a6b2011f691,oss-fuzz-vulns/vulns/arrow/OSV-2021-1565.yaml,oss-fuzz-vulns/vulns/arrow/OSV-2021-1601.yaml
pcre2,3eedbacfeeecd2a06a282c7f9b630883840cbbc4,oss-fuzz-vulns/vulns/pcre2/OSV-2024-309.yaml,oss-fuzz-vulns/vulns/pcre2/OSV-2024-324.yaml
harfbuzz,de6e414c565de5f27b9da8c7b8b11f88659a4c42,oss-fuzz-vulns/vulns/harfbuzz/OSV-2018-114.yaml,oss-fuzz-vulns/vulns/harfbuzz/OSV-2018-149.yaml
harfbuzz,4c27da7638f6d072c3ff93223488c4ab316236c1,oss-fuzz-vulns/vulns/harfbuzz/OSV-2018-185.yaml,oss-fuzz-vulns/vulns/harfbuzz/OSV-2018-150.yaml
harfbuzz,752bd8a192af209f44dacaf1d3510d0bfc6354b8,oss-fuzz-vulns/vulns/harfbuzz/OSV-2018-54.yaml,oss-fuzz-vulns/vulns/harfbuzz/OSV-2018-119.yaml
harfbuzz,3efb7af7e28061f8cd138eb2ed5261bf521abc63,oss-fuzz-vulns/vulns/harfbuzz/OSV-2020-565.yaml,oss-fuzz-vulns/vulns/harfbuzz/OSV-2020-708.yaml
c-blosc2,4a727370b1c2e9746434c00bf2236db86c31ea5c,oss-fuzz-vulns/vulns/c-blosc2/OSV-2021-639.yaml,oss-fuzz-vulns/vulns/c-blosc2/OSV-2021-1589.yaml
c-blosc2,5a222cc79dc67ce01477da3a3ee10edf1076c655,oss-fuzz-vulns/vulns/c-blosc2/OSV-2021-369.yaml,oss-fuzz-vulns/vulns/c-blosc2/OSV-2021-404.yaml
c-blosc2,ce9aa2247006ed182dabb922bd3536b13375c4cf,oss-fuzz-vulns/vulns/c-blosc2/OSV-2021-622.yaml,oss-fuzz-vulns/vulns/c-blosc2/OSV-2022-486.yaml
c-blosc2,c473b21cff5e1a459b4467f18bf7414114f848fd,oss-fuzz-vulns/vulns/c-blosc2/OSV-2021-27.yaml,oss-fuzz-vulns/vulns/c-blosc2/OSV-2021-221.yaml
c-blosc2,969fb4cbb617801876fb5ddefc73778935ff1a56,oss-fuzz-vulns/vulns/c-blosc2/OSV-2021-404.yaml,oss-fuzz-vulns/vulns/c-blosc2/OSV-2021-422.yaml
c-blosc2,57fca38a4f51687d71e451ae29df6b353764fb72,oss-fuzz-vulns/vulns/c-blosc2/OSV-2021-271.yaml,oss-fuzz-vulns/vulns/c-blosc2/OSV-2021-369.yaml
open62541,4a12b64f32427042605dbeafa6fded3583316244,oss-fuzz-vulns/vulns/open62541/OSV-2021-1059.yaml,oss-fuzz-vulns/vulns/open62541/OSV-2021-1430.yaml
open62541,58a2fdb5b1ad1efafef455d66a9cbfb93c3fae9d,oss-fuzz-vulns/vulns/open62541/OSV-2020-676.yaml,oss-fuzz-vulns/vulns/open62541/OSV-2020-248.yaml
open62541,6f21ecb48a49fd292d568feb3751a50e51e083a3,oss-fuzz-vulns/vulns/open62541/OSV-2020-1491.yaml,oss-fuzz-vulns/vulns/open62541/OSV-2021-1059.yaml
open62541,b9225f9f936a48af66c4aeb7e3fd1684e4d3b88b,oss-fuzz-vulns/vulns/open62541/OSV-2020-475.yaml,oss-fuzz-vulns/vulns/open62541/OSV-2020-676.yaml
open62541,e1cdb1dd75ea92adcc949c5d3dc4fc4ebdf74b92,oss-fuzz-vulns/vulns/open62541/OSV-2020-352.yaml,oss-fuzz-vulns/vulns/open62541/OSV-2020-879.yaml
open62541,d09ab036733583a0d2ddd3d556a93ba47a73b0b3,oss-fuzz-vulns/vulns/open62541/OSV-2020-352.yaml,oss-fuzz-vulns/vulns/open62541/OSV-2020-879.yaml
file,a317154a5acbdcc82db79063742481ce83abafe7,oss-fuzz-vulns/vulns/file/OSV-2016-1.yaml,oss-fuzz-vulns/vulns/file/OSV-2017-140.yaml
file,c8ef8f414952634d217b2b5e19d38b92d0341bc2,oss-fuzz-vulns/vulns/file/OSV-2016-3.yaml,oss-fuzz-vulns/vulns/file/OSV-2016-1.yaml
file,a9c8d2a9493c4e0cd201db57801f3502e65c686c,oss-fuzz-vulns/vulns/file/OSV-2021-1238.yaml,oss-fuzz-vulns/vulns/file/OSV-2021-1322.yaml
poppler,f2493d53a70e10ea69bd147c48be7c8544979436,oss-fuzz-vulns/vulns/poppler/OSV-2020-1278.yaml,oss-fuzz-vulns/vulns/poppler/OSV-2020-2165.yaml
lua,5d8ce05b3f6fad79e37ed21c1076e47a322472c6,oss-fuzz-vulns/vulns/lua/OSV-2021-447.yaml,oss-fuzz-vulns/vulns/lua/OSV-2021-512.yaml
flatbuffers,8fb8c2ce1dff00bc1455aba0770eb7eae9a06ece,oss-fuzz-vulns/vulns/flatbuffers/OSV-2021-333.yaml,oss-fuzz-vulns/vulns/flatbuffers/OSV-2021-1314.yaml
flatbuffers,815d3e820d4969af68800ddca5f1e6771c3622da,oss-fuzz-vulns/vulns/flatbuffers/OSV-2021-281.yaml,oss-fuzz-vulns/vulns/flatbuffers/OSV-2021-308.yaml
flatbuffers,6f3e45eca1fde7a68cb72fd4499a3647f719c9db,oss-fuzz-vulns/vulns/flatbuffers/OSV-2021-308.yaml,oss-fuzz-vulns/vulns/flatbuffers/OSV-2021-333.yaml
flatbuffers,4264daadd2487cd3e63cf83f5dca3f0ccc53af64,oss-fuzz-vulns/vulns/flatbuffers/OSV-2021-1678.yaml,oss-fuzz-vulns/vulns/flatbuffers/OSV-2021-1695.yaml
openthread,c972c5cb936ef1f640ab90fbe03e7f2631dbcb18,oss-fuzz-vulns/vulns/openthread/OSV-2020-413.yaml,oss-fuzz-vulns/vulns/openthread/OSV-2020-383.yaml
openthread,68426e236fe8a15884c3893a2083663687b2610f,oss-fuzz-vulns/vulns/openthread/OSV-2020-289.yaml,oss-fuzz-vulns/vulns/openthread/OSV-2020-528.yaml
cras,144bf3828e41b26c7746be463d17d6ea55dd7163,oss-fuzz-vulns/vulns/cras/OSV-2020-757.yaml,oss-fuzz-vulns/vulns/cras/OSV-2020-891.yaml
radare2,0f2952ea080596fc51f484aca4cdc7efb59af59d,oss-fuzz-vulns/vulns/radare2/OSV-2022-1110.yaml,oss-fuzz-vulns/vulns/radare2/OSV-2022-1137.yaml
radare2,6124df443f347d1744a102a58dc3335e85063ea5,oss-fuzz-vulns/vulns/radare2/OSV-2020-315.yaml,oss-fuzz-vulns/vulns/radare2/OSV-2020-160.yaml
radare2,74958b8e88879302d6f61a813943b968cf03dbd5,oss-fuzz-vulns/vulns/radare2/OSV-2020-725.yaml,oss-fuzz-vulns/vulns/radare2/OSV-2020-881.yaml
radare2,a875795bb5d8c216fa17d685b49784c4d5c93f87,oss-fuzz-vulns/vulns/radare2/OSV-2020-455.yaml,oss-fuzz-vulns/vulns/radare2/OSV-2020-377.yaml
radare2,118bf6a693ef0a349959919fd6217e70a26ddf62,oss-fuzz-vulns/vulns/radare2/OSV-2020-440.yaml,oss-fuzz-vulns/vulns/radare2/OSV-2020-694.yaml
radare2,ee9025c9170c15dea5e68d4d5179d41e78868493,oss-fuzz-vulns/vulns/radare2/OSV-2020-7.yaml,oss-fuzz-vulns/vulns/radare2/OSV-2020-1386.yaml
radare2,3b04d3ef4093dafeff72e22589a3598ca0202ac9,oss-fuzz-vulns/vulns/radare2/OSV-2020-881.yaml,oss-fuzz-vulns/vulns/radare2/OSV-2021-1786.yaml
wasm3,8cb2fd424309fa6ff70cf00bfcedc4e66d3355c0,oss-fuzz-vulns/vulns/wasm3/OSV-2021-687.yaml,oss-fuzz-vulns/vulns/wasm3/OSV-2021-701.yaml
pcapplusplus,fbc52d37c6a7e8cc75e4950d2621cbd907c6cf8a,oss-fuzz-vulns/vulns/pcapplusplus/OSV-2020-772.yaml,oss-fuzz-vulns/vulns/pcapplusplus/OSV-2020-1807.yaml
pcapplusplus,50aab202d24331ef35b9eff68d96ef9f97baf6a1,oss-fuzz-vulns/vulns/pcapplusplus/OSV-2020-1310.yaml,oss-fuzz-vulns/vulns/pcapplusplus/OSV-2020-24.yaml
pcapplusplus,994419f1bcb9151553ad8044e1757a6d406deea3,oss-fuzz-vulns/vulns/pcapplusplus/OSV-2020-208.yaml,oss-fuzz-vulns/vulns/pcapplusplus/OSV-2020-50.yaml
pcapplusplus,5f1895a7b496fa78a2927bd5fe610ab619a3f49b,oss-fuzz-vulns/vulns/pcapplusplus/OSV-2023-1174.yaml,oss-fuzz-vulns/vulns/pcapplusplus/OSV-2024-343.yaml
cryptofuzz,69c82214652a0a5d2aab9e4ab077a87ffa8057fb,oss-fuzz-vulns/vulns/cryptofuzz/OSV-2020-515.yaml,oss-fuzz-vulns/vulns/cryptofuzz/OSV-2020-1661.yaml
cryptofuzz,c039117fcd5fd56824d2ae329368bd8744ad8743,oss-fuzz-vulns/vulns/cryptofuzz/OSV-2020-1290.yaml,oss-fuzz-vulns/vulns/cryptofuzz/OSV-2020-641.yaml
libvips,43db3985d0c0f0321434f2bd1cda36c7dd4fa1e5,oss-fuzz-vulns/vulns/libvips/OSV-2022-305.yaml,oss-fuzz-vulns/vulns/libvips/OSV-2022-371.yaml
libexif,22799320cc1187868d9a572661d12f0c3f9939b5,oss-fuzz-vulns/vulns/libexif/OSV-2021-1128.yaml,oss-fuzz-vulns/vulns/libexif/OSV-2021-1169.yaml
openexr,236c4b2782d787d56ddc586ed4a313c1d31acd95,oss-fuzz-vulns/vulns/openexr/OSV-2021-1479.yaml,oss-fuzz-vulns/vulns/openexr/OSV-2022-58.yaml
openexr,e598a72aa0166bfab8947eb691ba473a54bfed06,oss-fuzz-vulns/vulns/openexr/OSV-2021-1479.yaml,oss-fuzz-vulns/vulns/openexr/OSV-2022-58.yaml
openexr,5ae1ec0fd948e9e1009093148126636b5bbce4d8,oss-fuzz-vulns/vulns/openexr/OSV-2021-1389.yaml,oss-fuzz-vulns/vulns/openexr/OSV-2021-1429.yaml
openexr,f68dc195ef2079793e2ea68f089adca902f0a4d8,oss-fuzz-vulns/vulns/openexr/OSV-2021-1414.yaml,oss-fuzz-vulns/vulns/openexr/OSV-2021-1415.yaml
openexr,666e2064d10445c501d48544d2d4566c304015c7,oss-fuzz-vulns/vulns/openexr/OSV-2021-1414.yaml,oss-fuzz-vulns/vulns/openexr/OSV-2021-1415.yaml
openexr,672c77d7c923402f549371e08b39ece4552cbb85,oss-fuzz-vulns/vulns/openexr/OSV-2022-313.yaml,oss-fuzz-vulns/vulns/openexr/OSV-2022-413.yaml
ghostscript,a1f3fb482e257c3b52e470146ec4f9abd51e2ddd,oss-fuzz-vulns/vulns/ghostscript/OSV-2022-54.yaml,oss-fuzz-vulns/vulns/ghostscript/OSV-2022-121.yaml
ghostscript,6a4847cd2566e8446753fd0ba17fe2f42c6e0315,oss-fuzz-vulns/vulns/ghostscript/OSV-2021-1081.yaml,oss-fuzz-vulns/vulns/ghostscript/OSV-2021-1687.yaml
ghostscript,1a3c64e7a65025ea024bd65cc726b6ec5dd0e172,oss-fuzz-vulns/vulns/ghostscript/OSV-2021-1711.yaml,oss-fuzz-vulns/vulns/ghostscript/OSV-2021-1724.yaml
ghostscript,2be8b436910cfc8b013a13df000c3c854cf3c5c5,oss-fuzz-vulns/vulns/ghostscript/OSV-2021-1683.yaml,oss-fuzz-vulns/vulns/ghostscript/OSV-2021-1752.yaml
ghostscript,82b097fe8e76ea92f69ef483f45c0cf491a98d43,oss-fuzz-vulns/vulns/ghostscript/OSV-2021-1690.yaml,oss-fuzz-vulns/vulns/ghostscript/OSV-2021-1709.yaml
ghostscript,31e249d5cbd561d76dd2149ceee5fe3a2d84d658,oss-fuzz-vulns/vulns/ghostscript/OSV-2021-1687.yaml,oss-fuzz-vulns/vulns/ghostscript/OSV-2021-1719.yaml
ghostscript,87db48b2fc8297a4537907c425a1eda19239888c,oss-fuzz-vulns/vulns/ghostscript/OSV-2024-833.yaml,oss-fuzz-vulns/vulns/ghostscript/OSV-2024-1059.yaml
ghostscript,0bd6877f480a84657696a80adc13f9c5485dd996,oss-fuzz-vulns/vulns/ghostscript/OSV-2021-237.yaml,oss-fuzz-vulns/vulns/ghostscript/OSV-2021-312.yaml
ghostscript,067d47b5efa3631ac58a62916136ad21cd9017df,oss-fuzz-vulns/vulns/ghostscript/OSV-2021-1752.yaml,oss-fuzz-vulns/vulns/ghostscript/OSV-2022-54.yaml
ghostscript,3eb1eeac22f53b8b332e67d8ba18540f4020eadc,oss-fuzz-vulns/vulns/ghostscript/OSV-2022-736.yaml,oss-fuzz-vulns/vulns/ghostscript/OSV-2022-755.yaml
ghostscript,8cfe505e168185fecd1b573711c68252aefb9f77,oss-fuzz-vulns/vulns/ghostscript/OSV-2023-88.yaml,oss-fuzz-vulns/vulns/ghostscript/OSV-2023-353.yaml
ghostscript,dd15cd3cd5495800de5ca5c8a152147b485e124f,oss-fuzz-vulns/vulns/ghostscript/OSV-2022-496.yaml,oss-fuzz-vulns/vulns/ghostscript/OSV-2022-507.yaml
ghostscript,c7cd63be10c23c712921d9ad7359ddbe5d282e44,oss-fuzz-vulns/vulns/ghostscript/OSV-2021-1767.yaml,oss-fuzz-vulns/vulns/ghostscript/OSV-2022-1.yaml
unicorn,34ddafcbcf6d16508a63623a68715394ea4e12d8,oss-fuzz-vulns/vulns/unicorn/OSV-2021-1075.yaml,oss-fuzz-vulns/vulns/unicorn/OSV-2021-1450.yaml
mapserver,c8d59b9251e2977232fec50087288cef188961a3,oss-fuzz-vulns/vulns/mapserver/OSV-2022-1013.yaml,oss-fuzz-vulns/vulns/mapserver/OSV-2022-1052.yaml
jbig2dec,ce3e3aa738f1f5102fea63dfb9de15fea555c559,oss-fuzz-vulns/vulns/jbig2dec/OSV-2020-197.yaml,oss-fuzz-vulns/vulns/jbig2dec/OSV-2020-95.yaml
ntopng,35b09487b9e38f11e5e01fc3cf9eb60b1b493f7c,oss-fuzz-vulns/vulns/ntopng/OSV-2023-1160.yaml,oss-fuzz-vulns/vulns/ntopng/OSV-2023-1381.yaml
openjpeg,cc893a4ebfaf8c42cf1221ac82c83df91e77340b,oss-fuzz-vulns/vulns/openjpeg/OSV-2017-61.yaml,oss-fuzz-vulns/vulns/openjpeg/OSV-2017-22.yaml
qemu,326c9a0eb67672f3d7515fe41e9deaa58fb15227,oss-fuzz-vulns/vulns/qemu/OSV-2020-2101.yaml,oss-fuzz-vulns/vulns/qemu/OSV-2020-2161.yaml
quickjs,7414e5f67f9a404f3cf91ffa69d0c93bf46d099e,oss-fuzz-vulns/vulns/quickjs/OSV-2023-1358.yaml,oss-fuzz-vulns/vulns/quickjs/OSV-2023-1372.yaml
fluent-bit,42b2d0ec7e8139b7e1f5724b18d83c4e7e450e5f,oss-fuzz-vulns/vulns/fluent-bit/OSV-2022-222.yaml,oss-fuzz-vulns/vulns/fluent-bit/OSV-2022-255.yaml
fluent-bit,cee783e53b96e445983a667ba51da087df14e472,oss-fuzz-vulns/vulns/fluent-bit/OSV-2022-259.yaml,oss-fuzz-vulns/vulns/fluent-bit/OSV-2022-267.yaml
fluent-bit,8f653c34c0dd46c39e2a5ebf9ff3fe9ec932fc4f,oss-fuzz-vulns/vulns/fluent-bit/OSV-2021-838.yaml,oss-fuzz-vulns/vulns/fluent-bit/OSV-2021-855.yaml
fluent-bit,ed82460da17f5a029df74503d3a5f8f69d29d3ea,oss-fuzz-vulns/vulns/fluent-bit/OSV-2021-838.yaml,oss-fuzz-vulns/vulns/fluent-bit/OSV-2021-855.yaml
fluent-bit,68746b76af8b143daf477033a6799902be2f3cad,oss-fuzz-vulns/vulns/fluent-bit/OSV-2020-2159.yaml,oss-fuzz-vulns/vulns/fluent-bit/OSV-2021-739.yaml
fluent-bit,cadff53c093210404aed01c4cf586adb8caa07af,oss-fuzz-vulns/vulns/fluent-bit/OSV-2020-2132.yaml,oss-fuzz-vulns/vulns/fluent-bit/OSV-2020-2148.yaml
fluent-bit,1c3811ba12bf924a96c916e2409a0d41c336debf,oss-fuzz-vulns/vulns/fluent-bit/OSV-2021-855.yaml,oss-fuzz-vulns/vulns/fluent-bit/OSV-2021-1633.yaml
fluent-bit,9cc2ff55a146b2b3e8c321a87920c0d39a2b2ba6,oss-fuzz-vulns/vulns/fluent-bit/OSV-2022-289.yaml,oss-fuzz-vulns/vulns/fluent-bit/OSV-2022-988.yaml
fluent-bit,3c13edab76389a7412deef12ac61a25b85f00c39,oss-fuzz-vulns/vulns/fluent-bit/OSV-2022-289.yaml,oss-fuzz-vulns/vulns/fluent-bit/OSV-2022-988.yaml
fluent-bit,af7ef37d6f0c61a79a8bd66f603273245198e069,oss-fuzz-vulns/vulns/fluent-bit/OSV-2022-255.yaml,oss-fuzz-vulns/vulns/fluent-bit/OSV-2022-281.yaml
fluent-bit,03f3339594bdb472315823db78ca209b7ba319fb,oss-fuzz-vulns/vulns/fluent-bit/OSV-2020-2220.yaml,oss-fuzz-vulns/vulns/fluent-bit/OSV-2021-838.yaml
fluent-bit,15254d5bb2101995b32c7e34e86d01a1a878590b,oss-fuzz-vulns/vulns/fluent-bit/OSV-2020-1816.yaml,oss-fuzz-vulns/vulns/fluent-bit/OSV-2020-2066.yaml
fluent-bit,22346a74c07ceb90296be872be2d53eb92252a54,oss-fuzz-vulns/vulns/fluent-bit/OSV-2021-702.yaml,oss-fuzz-vulns/vulns/fluent-bit/OSV-2021-750.yaml
fluent-bit,9b4d9ee0f9d42383bad593b05b95f25e8b294c71,oss-fuzz-vulns/vulns/fluent-bit/OSV-2021-702.yaml,oss-fuzz-vulns/vulns/fluent-bit/OSV-2021-750.yaml
libredwg,580e8bbebf18579b97e2c20b032368b9079624ca,oss-fuzz-vulns/vulns/libredwg/OSV-2022-387.yaml,oss-fuzz-vulns/vulns/libredwg/OSV-2022-1198.yaml
libredwg,9d068534eb093790d9be1b8aa8ed47cafc7f2285,oss-fuzz-vulns/vulns/libredwg/OSV-2022-656.yaml,oss-fuzz-vulns/vulns/libredwg/OSV-2023-634.yaml
libredwg,428d1ed6a874d11b39a34f779140755f087fc9e2,oss-fuzz-vulns/vulns/libredwg/OSV-2022-657.yaml,oss-fuzz-vulns/vulns/libredwg/OSV-2023-135.yaml
libredwg,9a6bd55c9d0722cb101fe85a3b22d89e4ff4fe52,oss-fuzz-vulns/vulns/libredwg/OSV-2023-135.yaml,oss-fuzz-vulns/vulns/libredwg/OSV-2023-397.yaml
matio,04d1deab800d962055a1c5509e25ad8dfe05c4f1,oss-fuzz-vulns/vulns/matio/OSV-2021-218.yaml,oss-fuzz-vulns/vulns/matio/OSV-2023-1256.yaml
matio,1ce8f2d1845ecdde19a35605cabdbb884776d52d,oss-fuzz-vulns/vulns/matio/OSV-2020-835.yaml,oss-fuzz-vulns/vulns/matio/OSV-2021-218.yaml
matio,29e986fb1cfe09dacdbe386f441882025f652377,oss-fuzz-vulns/vulns/matio/OSV-2023-1140.yaml,oss-fuzz-vulns/vulns/matio/OSV-2024-793.yaml
matio,0885c6a34b9f739d57e5cad08b7de866b42c75fc,oss-fuzz-vulns/vulns/matio/OSV-2024-274.yaml,oss-fuzz-vulns/vulns/matio/OSV-2024-333.yaml
matio,b89ed176f27c71657587d231794bee09d0461d08,oss-fuzz-vulns/vulns/matio/OSV-2021-141.yaml,oss-fuzz-vulns/vulns/matio/OSV-2021-1150.yaml
matio,7a1831b94a73f2cd665bd48f65c8516509d0740e,oss-fuzz-vulns/vulns/matio/OSV-2020-851.yaml,oss-fuzz-vulns/vulns/matio/OSV-2020-2138.yaml
matio,7019a4c5212ab34ee336d77b9d6965920944b41a,oss-fuzz-vulns/vulns/matio/OSV-2020-2301.yaml,oss-fuzz-vulns/vulns/matio/OSV-2023-1140.yaml
flac,ce6dd6b5732e319ef60716d9cc9af6a836a4011a,oss-fuzz-vulns/vulns/flac/OSV-2020-1976.yaml,oss-fuzz-vulns/vulns/flac/OSV-2020-819.yaml
assimp,310c81aaa20b7328ce7a354897db817f8becac3a,oss-fuzz-vulns/vulns/assimp/OSV-2021-1311.yaml,oss-fuzz-vulns/vulns/assimp/OSV-2022-21.yaml
libultrahdr,55ee308d04995d7b97e1402cc9ebf5b3f42f96ee,oss-fuzz-vulns/vulns/libultrahdr/OSV-2024-1149.yaml,oss-fuzz-vulns/vulns/libultrahdr/OSV-2024-1164.yaml
jackson-databind,5b036e1c0ba8af72bc5347253bcad1537904831b,oss-fuzz-vulns/vulns/jackson-databind/OSV-2022-1067.yaml,oss-fuzz-vulns/vulns/jackson-databind/OSV-2022-1096.yaml
